aliya_year,אחר,בנזין,דיזל,היברידי,חשמלי,סה״כ,% חשמלי,% היברידי
2010.0,1877,116023,3967,0,0,121867,0.0,0.0
2011.0,1526,127704,3854,0,3,133087,0.0,0.0
2012.0,1101,126486,5052,1,38,132678,0.0,0.0
2013.0,887,142263,7033,12,52,150247,0.0,0.0
2014.0,996,176918,7289,47,16,185266,0.0,0.0
2015.0,1015,194230,10613,64,1,205923,0.0,0.0
2016.0,969,223101,15524,53,4,239651,0.0,0.0
2017.0,725,221522,20468,1402,100,244217,0.0,0.6
2018.0,462,209380,25199,3420,123,238584,0.1,1.4
2019.0,284,202902,24871,3700,542,232299,0.2,1.6
2020.0,152,175585,17635,5232,1405,200009,0.7,2.6
2021.0,129,228561,20117,12850,10511,272168,3.9,4.7
2022.0,83,197161,13716,15048,26716,252724,10.6,6.0
2023.0,49,182864,12024,16137,47323,258397,18.3,6.2
2024.0,16,182763,7415,6711,67401,264306,25.5,2.5
2025.0,10,189199,7973,34758,57886,289826,20.0,12.0
2026.0,1,153238,5356,64411,32378,255384,12.7,25.2
